Afghanistan,Afghanistan
Albania,Albania
Algeria,Algeria
American Samoa,American Samoa
Andorra,Andorra
Angola,Angola
Anguilla,Anguilla
Antarctica,Antarctica
Antigua and Barbuda,Antigua and Barbuda
Argentina,Argentina
Armenia,Armenia
Aruba,Aruba
Australia,Australia
Austria,Austria
Azerbaijan,Azerbaijan
Bahamas,Bahamas
Bahrain,Bahrain
Bangladesh,Bangladesh
Barbados,Barbados
Belarus,Belarus
Belgium,Belgium
Belize,Belize
Benin,Benin
Bermuda,Bermuda
Bhutan,Bhutan
Bolivia,Bolivia
Bosnia and Herzegovina,Bosnia and Herzegovina
Botswana,Botswana
Bouvet Island,Bouvet Island
Brazil,Brazil
British Antarctic Territory,British Antarctic Territory
British Indian Ocean Territory,British Indian Ocean Territory
British Virgin Islands,British Virgin Islands
Brunei,Brunei
Bulgaria,Bulgaria
Burkina Faso,Burkina Faso
Burundi,Burundi
Cambodia,Cambodia
Cameroon,Cameroon
Canada,Canada
Canton and Enderbury Islands,Canton and Enderbury Islands
Cape Verde,Cape Verde
Cayman Islands,Cayman Islands
Central African Republic,Central African Republic
Chad,Chad
Chile,Chile
China,China
Christmas Island,Christmas Island
Cocos [Keeling] Islands,Cocos [Keeling] Islands
Colombia,Colombia
Comoros,Comoros
Congo - Brazzaville,Congo - Brazzaville
Congo - Kinshasa,Congo - Kinshasa
Cook Islands,Cook Islands
Costa Rica,Costa Rica
Croatia,Croatia
Cuba,Cuba
Cyprus,Cyprus
Czech Republic,Czech Republic
Côte d’Ivoire,Côte d’Ivoire
Denmark,Denmark
Djibouti,Djibouti
Dominica,Dominica
Dominican Republic,Dominican Republic
Dronning Maud Land,Dronning Maud Land
East Germany,East Germany
Ecuador,Ecuador
Egypt,Egypt
El Salvador,El Salvador
Equatorial Guinea,Equatorial Guinea
Eritrea,Eritrea
Estonia,Estonia
Ethiopia,Ethiopia
Falkland Islands,Falkland Islands
Faroe Islands,Faroe Islands
Fiji,Fiji
Finland,Finland
France,France
French Guiana,French Guiana
French Polynesia,French Polynesia
French Southern Territories,French Southern Territories
French Southern and Antarctic Territories,French Southern and Antarctic Territories
Gabon,Gabon
Gambia,Gambia
Georgia,Georgia
Germany,Germany
Ghana,Ghana
Gibraltar,Gibraltar
Greece,Greece
Greenland,Greenland
Grenada,Grenada
Guadeloupe,Guadeloupe
Guam,Guam
Guatemala,Guatemala
Guernsey,Guernsey
Guinea,Guinea
Guinea-Bissau,Guinea-Bissau
Guyana,Guyana
Haiti,Haiti
Heard Island and McDonald Islands,Heard Island and McDonald Islands
Honduras,Honduras
Hong Kong SAR China,Hong Kong SAR China
Hungary,Hungary
Iceland,Iceland
India,India
Indonesia,Indonesia
Iran,Iran
Iraq,Iraq
Ireland,Ireland
Isle of Man,Isle of Man
Israel,Israel
Italy,Italy
Jamaica,Jamaica
Japan,Japan
Jersey,Jersey
Johnston Island,Johnston Island
Jordan,Jordan
Kazakhstan,Kazakhstan
Kenya,Kenya
Kiribati,Kiribati
Kuwait,Kuwait
Kyrgyzstan,Kyrgyzstan
Laos,Laos
Latvia,Latvia
Lebanon,Lebanon
Lesotho,Lesotho
Liberia,Liberia
Libya,Libya
Liechtenstein,Liechtenstein
Lithuania,Lithuania
Luxembourg,Luxembourg
Macau SAR China,Macau SAR China
Macedonia,Macedonia
Madagascar,Madagascar
Malawi,Malawi
Malaysia,Malaysia
Maldives,Maldives
Mali,Mali
Malta,Malta
Marshall Islands,Marshall Islands
Martinique,Martinique
Mauritania,Mauritania
Mauritius,Mauritius
Mayotte,Mayotte
Metropolitan France,Metropolitan France
Mexico,Mexico
Micronesia,Micronesia
Midway Islands,Midway Islands
Moldova,Moldova
Monaco,Monaco
Mongolia,Mongolia
Montenegro,Montenegro
Montserrat,Montserrat
Morocco,Morocco
Mozambique,Mozambique
Myanmar [Burma],Myanmar [Burma]
Namibia,Namibia
Nauru,Nauru
Nepal,Nepal
Netherlands,Netherlands
Netherlands Antilles,Netherlands Antilles
Neutral Zone,Neutral Zone
New Caledonia,New Caledonia
New Zealand,New Zealand
Nicaragua,Nicaragua
Niger,Niger
Nigeria,Nigeria
Niue,Niue
Norfolk Island,Norfolk Island
North Korea,North Korea
North Vietnam,North Vietnam
Northern Mariana Islands,Northern Mariana Islands
Norway,Norway
Oman,Oman
Pacific Islands Trust Territory,Pacific Islands Trust Territory
Pakistan,Pakistan
Palau,Palau
Palestinian Territories,Palestinian Territories
Panama,Panama
Panama Canal Zone,Panama Canal Zone
Papua New Guinea,Papua New Guinea
Paraguay,Paraguay
People's Democratic Republic of Yemen,People's Democratic Republic of Yemen
Peru,Peru
Philippines,Philippines
Pitcairn Islands,Pitcairn Islands
Poland,Poland
Portugal,Portugal
Puerto Rico,Puerto Rico
Qatar,Qatar
Romania,Romania
Russia,Russia
Rwanda,Rwanda
Réunion,Réunion
Saint Barthélemy,Saint Barthélemy
Saint Helena,Saint Helena
Saint Kitts and Nevis,Saint Kitts and Nevis
Saint Lucia,Saint Lucia
Saint Martin,Saint Martin
Saint Pierre and Miquelon,Saint Pierre and Miquelon
Saint Vincent and the Grenadines,Saint Vincent and the Grenadines
Samoa,Samoa
San Marino,San Marino
Saudi Arabia,Saudi Arabia
Senegal,Senegal
Serbia,Serbia
Serbia and Montenegro,Serbia and Montenegro
Seychelles,Seychelles
Sierra Leone,Sierra Leone
Singapore,Singapore
Slovakia,Slovakia
Slovenia,Slovenia
Solomon Islands,Solomon Islands
Somalia,Somalia
South Africa,South Africa
South Georgia and the South Sandwich Islands,South Georgia and the South Sandwich Islands
South Korea,South Korea
Spain,Spain
Sri Lanka,Sri Lanka
Sudan,Sudan
Suriname,Suriname
Svalbard and Jan Mayen,Svalbard and Jan Mayen
Swaziland,Swaziland
Sweden,Sweden
Switzerland,Switzerland
Syria,Syria
São Tomé and Príncipe,São Tomé and Príncipe
Taiwan,Taiwan
Tajikistan,Tajikistan
Tanzania,Tanzania
Thailand,Thailand
Timor-Leste,Timor-Leste
Togo,Togo
Tokelau,Tokelau
Tonga,Tonga
Trinidad and Tobago,Trinidad and Tobago
Tunisia,Tunisia
Turkey,Turkey
Turkmenistan,Turkmenistan
Turks and Caicos Islands,Turks and Caicos Islands
Tuvalu,Tuvalu
U.S. Minor Outlying Islands,U.S. Minor Outlying Islands
U.S. Miscellaneous Pacific Islands,U.S. Miscellaneous Pacific Islands
U.S. Virgin Islands,U.S. Virgin Islands
Uganda,Uganda
Ukraine,Ukraine
Union of Soviet Socialist Republics,Union of Soviet Socialist Republics
United Arab Emirates,United Arab Emirates
United Kingdom,United Kingdom
United States,United States
Uruguay,Uruguay
Uzbekistan,Uzbekistan
Vanuatu,Vanuatu
Vatican City,Vatican City
Venezuela,Venezuela
Vietnam,Vietnam
Wake Island,Wake Island
Wallis and Futuna,Wallis and Futuna
Western Sahara,Western Sahara
Yemen,Yemen
Zambia,Zambia
Zimbabwe,Zimbabwe
Åland Islands,Åland Islands
Alabama,United States
Alaska,United States
Arizona,United States
Arkansas,United States
California,United States
Colorado,United States
Connecticut,United States
Delaware,United States
Florida,United States
Georgia,United States
Hawaii,United States
Idaho,United States
Illinois,United States
Indiana,United States
Iowa,United States
Kansas,United States
Kentucky,United States
Louisiana,United States
Maine,United States
Maryland,United States
Massachusetts,United States
Michigan,United States
Minnesota,United States
Mississippi,United States
Missouri,United States
Montana,United States
Nebraska,United States
Nevada,United States
New Hampshire,United States
New Jersey,United States
New Mexico,United States
New York,United States
North Carolina,United States
North Dakota,United States
Ohio,United States
Oklahoma,United States
Oregon,United States
Pennsylvania,United States
Rhode Island,United States
South Carolina,United States
South Dakota,United States
Tennessee,United States
Texas,United States
Utah,United States
Vermont,United States
Virginia,United States
Washington,United States
West Virginia,United States
Wisconsin,United States
Wyoming,United States
UK,United Kingdom
Brussels,Belgium